{
  "active": true,
  "auto_off": true,
  "battery": 40.898480259314724,
  "charging_power": 10.56051862944059,
  "max_charging_power": 20.0,
  "max_seats": 12,
  "used_seats": 12
}